,alg,AUC,prec@5,prec@10,MAP,recall@5,recall@10,NDCG,MRR
0,UserKNN,0.54128,0.01022,0.01278,0.01068,0.01413,0.04836,0.02313,0.02483
