,alg,AUC,prec@5,prec@10,MAP,recall@5,recall@10,NDCG,MRR
0,K-markov(k=2)(clean_fake=False),0.56205,0.02453,0.02095,0.0205,0.04165,0.0738,0.04015,0.04587
1,K-markov-latest(k=2)(clean_fake=False),0.5511,0.01738,0.01755,0.02243,0.03593,0.05988,0.03651,0.03871
2,K-markov(k=2)(clean_fake=True),0.56163,0.01635,0.02095,0.01775,0.0237,0.0738,0.03673,0.03424
3,K-markov-latest(k=2)(clean_fake=True),0.55129,0.02078,0.01755,0.01835,0.04422,0.05988,0.03373,0.03537
