,alg,map,prec@5,prec@10
0,(Surprise) KNNBasic pearson userTrueNo Clean,0.06553772463464093,0.06167400881057269,0.04669603524229075
1,(Surprise) KNNBasic cosine itemTrueNo Clean,0.014646703027760296,0.01497797356828194,0.013656387665198238
2,(Surprise) KNNBasic pearson itemTrueNo Clean,0.022950667785469548,0.022907488986784144,0.025991189427312777
3,(Surprise) KNNWithMeansTrueNo Clean,0.03394203202573246,0.04140969162995595,0.033920704845814977
