,alg,map,prec@5,prec@10,recall@5,recall@10
0,(MyMediaLite) BPRMFTrueNo Clean,0.023331934829732188,0.022907488986784144,0.01629955947136564,0.0372348083903933,0.045626328957313826
1,(MyMediaLite) ItemKNNTrueNo Clean,0.07189322425005244,0.06079295154185022,0.04449339207048459,0.18395090951776621,0.21528383618544927
2,(MyMediaLite) MostPopularTrueNo Clean,0.02616285574435354,0.02731277533039647,0.021585903083700442,0.029981126268390935,0.051092439180465445
3,(MyMediaLite) RandomTrueNo Clean,0.013356758268652541,0.01233480176211454,0.00881057268722467,0.016108854820888207,0.029923678223005838
4,(MyMediaLite) WRMFTrueNo Clean,0.024058981889378366,0.02290748898678414,0.025991189427312777,0.03983115175507043,0.07162374119625009
