,alg,map,prec@5,prec@10,recall@5,recall@10
0,(Surprise) SVD (base model)TrueNo Clean,0.034313509544787076,0.03259911894273128,0.033920704845814977,0.058989369908170684,0.11837069834213945
1,(Surprise) SVD++TrueNo Clean,0.03646825396825397,0.04405286343612335,0.03480176211453745,0.07697865887456568,0.11791677352394506
2,(Surprise) NMFTrueNo Clean,0.02991941122998392,0.028193832599118944,0.028193832599118944,0.058014038374080396,0.0928067612343745
3,(Surprise) KNNBasic cosine userTrueNo Clean,0.0874330466400951,0.07577092511013216,0.05462555066079294,0.23977378258167378,0.308217556773389
4,(Surprise) CoClusteringTrueNo Clean,0.04819383259911895,0.04140969162995595,0.04405286343612335,0.13002920048624894,0.23467620475310827
5,(Surprise) NormalPredictorTrueNo Clean,0.007446332424305993,0.00881057268722467,0.007929515418502203,0.011804931678569518,0.02172518618640807
