,alg,map,prec@5,prec@10
0,(MyMediaLite) BPRMFTrueNo Clean,0.013696594643731208,0.014096916299559472,0.014537444933920705
1,(MyMediaLite) ItemAttributeKNN TrueNo Clean,0.013696594643731208,0.014096916299559472,0.014537444933920705
