,alg,map,prec@5,prec@10
0,(MyMediaLite) ZeroTrueNo Clean,0.01842720788756031,0.014096916299559472,0.013656387665198238
1,(MyMediaLite) MultiCoreBPRMF TrueNo Clean,0.030362736871547447,0.02643171806167401,0.02907488986784141
2,(MyMediaLite) SoftMarginRankingMFTrueNo Clean,0.011467379903503253,0.013215859030837005,0.010572687224669603
3,(MyMediaLite) WeightedBPRMFTrueNo Clean,0.03226854765401021,0.033480176211453744,0.026872246696035242
4,(MyMediaLite) MostPopularByAttributesTrueNo Clean,0.03226854765401021,0.033480176211453744,0.026872246696035242
5,(MyMediaLite) BPRSLIMTrueNo Clean,0.03934689881826446,0.03612334801762114,0.032158590308370046
