,alg,map,prec@5,prec@10
0,(Surprise) BaselineOnlyTrueNo Clean,0.04587091811761415,0.046696035242290754,0.04361233480176212
