,alg,map,prec@5,prec@10,recall@5,recall@10
0,(MyMediaLite) RandomTrueNo Clean,0.006531711069156003,0.007048458149779736,0.007048458149779736,0.010932864494837071,0.01737559577237011
1,(Surprise) NormalPredictorTrueNo Clean,0.01009544787077827,0.01145374449339207,0.010572687224669605,0.02603371864122536,0.04094251594827828
