,alg,map,prec@5,prec@10,recall@5,recall@10
0,(Surprise) NormalPredictorTrueNo Clean,0.0077365219215439485,0.008810572687224669,0.007929515418502201,0.016801722825473066,0.02746464302871937
