,alg,map,prec@5,prec@10,recall@5,recall@10
0,(Surprise) NormalPredictorTrueNo Clean,0.0072806097475701,0.007048458149779736,0.007929515418502203,0.005553326159632674,0.015960129341766254
