,alg,map,prec@5,prec@10,recall@5,recall@10
0,K-markov(k=2)TrueNo Clean,0.06075746451297112,0.06079295154185022,0.054185022026431724,0.10816522371556059,0.1908451977277557
