,alg,map,prec@5,prec@10
0,K-markov(k=2)TrueNo Clean,0.06075746451297112,0.06079295154185022,0.054185022026431724
