,alg,map,prec@5,prec@10,recall@5,recall@10
0,(Surprise) NormalPredictorTrueNo Clean,0.009232396335920566,0.007929515418502203,0.007048458149779736,0.008671092123735296,0.017583775452239346
