,alg,map,prec@5,prec@10
0,(Surprise) KNNWithZScoreTrueNo Clean,0.04926298860219565,0.043171806167400885,0.030396475770925108
1,(Surprise) CoClusteringTrueNo Clean,0.05378277742815188,0.07665198237885462,0.03876651982378855
2,(Surprise) BaselineOnlyTrueNo Clean,0.04587091811761415,0.046696035242290754,0.04361233480176212
3,(Surprise) NormalPredictorTrueNo Clean,0.009039752464862596,0.010572687224669605,0.010572687224669605
