,alg,map,prec@5,prec@10
0,(Surprise) KNNBasic cosine userTrueNo Clean,0.0874330466400951,0.07577092511013216,0.05462555066079294
