,alg,map,prec@5,prec@10
0,(Surprise) SVD (base model)TrueNo Clean,0.03893346619117544,0.04581497797356828,0.033480176211453744
1,(Surprise) SVD++TrueNo Clean,0.038013425634571,0.03876651982378855,0.034361233480176216
2,(Surprise) NMFTrueNo Clean,0.036161107614852105,0.034361233480176216,0.03524229074889868
3,(Surprise) SlopeOneTrueNo Clean,0.032020138451856514,0.03259911894273128,0.03303964757709251
4,(Surprise) KNNBaselineTrueNo Clean,0.040745752045311515,0.04757709251101322,0.040969162995594714
