,alg,map,prec@5,prec@10,recall@5,recall@10
0,(MyMediaLite) RandomTrueNo Clean,0.00719600027970072,0.007929515418502201,0.010572687224669605,0.01630657216009639,0.03725174685556091
1,(Surprise) BaselineOnlyTrueNo Clean,0.04587091811761415,0.046696035242290754,0.04361233480176212,0.06910516599082822,0.14684082960444486
2,(Surprise) NormalPredictorTrueNo Clean,0.005529333613034053,0.005286343612334802,0.007929515418502203,0.009724057758198727,0.017133713911680424
